octopus/train/T386.obj,octopus
horse/train/T265.obj,horse
dog2/train/T93.obj,dog2
centaur/train/T252.obj,centaur
hand/train/T328.obj,hand
snake/train/T181.obj,snake
hand/train/T160.obj,hand
spiders/train/T239.obj,spiders
dinosaur/train/T70.obj,dinosaur
dinosaur/train/T421.obj,dinosaur
ants/train/T356.obj,ants
horse/train/T485.obj,horse
armadillo/train/T597.obj,armadillo
camel/train/T336.obj,camel
dino_ske/train/T440.obj,dino_ske
man/train/T426.obj,man
woman/train/T395.obj,woman
horse/train/T303.obj,horse
dinosaur/train/T549.obj,dinosaur
santa/train/T129.obj,santa
ants/train/T37.obj,ants
bird1/train/T76.obj,bird1
ants/train/T140.obj,ants
rabbit/train/T463.obj,rabbit
bird2/train/T357.obj,bird2
dog2/train/T47.obj,dog2
two_balls/train/T167.obj,two_balls
myScissor/train/T224.obj,myScissor
two_balls/train/T180.obj,two_balls
laptop/train/T247.obj,laptop
pliers/train/T419.obj,pliers
lamp/train/T346.obj,lamp
bird1/train/T45.obj,bird1
dog1/train/T136.obj,dog1
dino_ske/train/T274.obj,dino_ske
rabbit/train/T88.obj,rabbit
snake/train/T560.obj,snake
laptop/train/T388.obj,laptop
lamp/train/T202.obj,lamp
glasses/train/T97.obj,glasses
myScissor/train/T214.obj,myScissor
cat/train/T217.obj,cat
armadillo/train/T201.obj,armadillo
cat/train/T7.obj,cat
rabbit/train/T495.obj,rabbit
snake/train/T515.obj,snake
alien/train/T9.obj,alien
santa/train/T2.obj,santa
centaur/train/T168.obj,centaur
snake/train/T206.obj,snake
spiders/train/T244.obj,spiders
cat/train/T406.obj,cat
man/train/T372.obj,man
flamingo/train/T256.obj,flamingo
bird1/train/T33.obj,bird1
dog1/train/T305.obj,dog1
cat/train/T44.obj,cat
pliers/train/T218.obj,pliers
two_balls/train/T85.obj,two_balls
snake/train/T333.obj,snake
horse/train/T234.obj,horse
rabbit/train/T90.obj,rabbit
pliers/train/T275.obj,pliers
man/train/T532.obj,man
myScissor/train/T152.obj,myScissor
laptop/train/T577.obj,laptop
octopus/train/T153.obj,octopus
bird1/train/T385.obj,bird1
dino_ske/train/T222.obj,dino_ske
shark/train/T516.obj,shark
bird2/train/T500.obj,bird2
bird2/train/T533.obj,bird2
horse/train/T295.obj,horse
bird2/train/T417.obj,bird2
shark/train/T111.obj,shark
armadillo/train/T260.obj,armadillo
horse/train/T359.obj,horse
dinosaur/train/T87.obj,dinosaur
dino_ske/train/T14.obj,dino_ske
gorilla/train/T340.obj,gorilla
armadillo/train/T457.obj,armadillo
lamp/train/T194.obj,lamp
dog2/train/T189.obj,dog2
glasses/train/T170.obj,glasses
dog2/train/T182.obj,dog2
shark/train/T496.obj,shark
ants/train/T509.obj,ants
camel/train/T538.obj,camel
hand/train/T56.obj,hand
octopus/train/T166.obj,octopus
alien/train/T545.obj,alien
spiders/train/T567.obj,spiders
camel/train/T300.obj,camel
dino_ske/train/T81.obj,dino_ske
camel/train/T219.obj,camel
gorilla/train/T177.obj,gorilla
man/train/T338.obj,man
alien/train/T30.obj,alien
shark/train/T456.obj,shark
two_balls/train/T483.obj,two_balls
bird1/train/T79.obj,bird1
dino_ske/train/T330.obj,dino_ske
dog2/train/T8.obj,dog2
lamp/train/T71.obj,lamp
centaur/train/T95.obj,centaur
gorilla/train/T115.obj,gorilla
octopus/train/T258.obj,octopus
rabbit/train/T517.obj,rabbit
santa/train/T236.obj,santa
myScissor/train/T24.obj,myScissor
man/train/T451.obj,man
santa/train/T308.obj,santa
ants/train/T319.obj,ants
centaur/train/T173.obj,centaur
dino_ske/train/T399.obj,dino_ske
octopus/train/T210.obj,octopus
pliers/train/T32.obj,pliers
shark/train/T268.obj,shark
rabbit/train/T438.obj,rabbit
two_balls/train/T249.obj,two_balls
flamingo/train/T191.obj,flamingo
laptop/train/T143.obj,laptop
cat/train/T334.obj,cat
alien/train/T137.obj,alien
woman/train/T580.obj,woman
two_balls/train/T179.obj,two_balls
dog2/train/T250.obj,dog2
spiders/train/T205.obj,spiders
laptop/train/T460.obj,laptop
pliers/train/T155.obj,pliers
ants/train/T599.obj,ants
spiders/train/T145.obj,spiders
octopus/train/T28.obj,octopus
snake/train/T383.obj,snake
lamp/train/T185.obj,lamp
pliers/train/T401.obj,pliers
armadillo/train/T344.obj,armadillo
rabbit/train/T127.obj,rabbit
dog1/train/T203.obj,dog1
horse/train/T402.obj,horse
shark/train/T423.obj,shark
octopus/train/T161.obj,octopus
santa/train/T424.obj,santa
snake/train/T235.obj,snake
man/train/T360.obj,man
spiders/train/T57.obj,spiders
two_balls/train/T19.obj,two_balls
glasses/train/T479.obj,glasses
camel/train/T242.obj,camel
lamp/train/T262.obj,lamp
camel/train/T35.obj,camel
snake/train/T575.obj,snake
santa/train/T583.obj,santa
glasses/train/T48.obj,glasses
cat/train/T51.obj,cat
alien/train/T18.obj,alien
snake/train/T510.obj,snake
dino_ske/train/T590.obj,dino_ske
alien/train/T418.obj,alien
hand/train/T284.obj,hand
santa/train/T272.obj,santa
glasses/train/T299.obj,glasses
hand/train/T280.obj,hand
centaur/train/T281.obj,centaur
dinosaur/train/T135.obj,dinosaur
rabbit/train/T254.obj,rabbit
santa/train/T430.obj,santa
octopus/train/T314.obj,octopus
bird1/train/T149.obj,bird1
woman/train/T410.obj,woman
dog1/train/T216.obj,dog1
spiders/train/T502.obj,spiders
bird2/train/T96.obj,bird2
glasses/train/T86.obj,glasses
santa/train/T240.obj,santa
glasses/train/T441.obj,glasses
myScissor/train/T283.obj,myScissor
horse/train/T301.obj,horse
camel/train/T187.obj,camel
cat/train/T98.obj,cat
gorilla/train/T469.obj,gorilla
rabbit/train/T365.obj,rabbit
myScissor/train/T64.obj,myScissor
ants/train/T39.obj,ants
alien/train/T133.obj,alien
woman/train/T22.obj,woman
bird2/train/T349.obj,bird2
woman/train/T345.obj,woman
laptop/train/T198.obj,laptop
dino_ske/train/T84.obj,dino_ske
gorilla/train/T261.obj,gorilla
dinosaur/train/T368.obj,dinosaur
bird2/train/T490.obj,bird2
lamp/train/T396.obj,lamp
dinosaur/train/T215.obj,dinosaur
lamp/train/T121.obj,lamp
dinosaur/train/T199.obj,dinosaur
centaur/train/T362.obj,centaur
dino_ske/train/T444.obj,dino_ske
dog2/train/T40.obj,dog2
flamingo/train/T458.obj,flamingo
armadillo/train/T61.obj,armadillo
lamp/train/T91.obj,lamp
octopus/train/T227.obj,octopus
dinosaur/train/T286.obj,dinosaur
shark/train/T394.obj,shark
flamingo/train/T563.obj,flamingo
dog1/train/T49.obj,dog1
armadillo/train/T558.obj,armadillo
alien/train/T31.obj,alien
dinosaur/train/T571.obj,dinosaur
dog1/train/T309.obj,dog1
myScissor/train/T65.obj,myScissor
spiders/train/T285.obj,spiders
ants/train/T257.obj,ants
octopus/train/T15.obj,octopus
snake/train/T329.obj,snake
woman/train/T585.obj,woman
dog2/train/T493.obj,dog2
centaur/train/T363.obj,centaur
dog2/train/T267.obj,dog2
bird1/train/T159.obj,bird1
spiders/train/T322.obj,spiders
myScissor/train/T466.obj,myScissor
horse/train/T142.obj,horse
laptop/train/T229.obj,laptop
ants/train/T209.obj,ants
cat/train/T480.obj,cat
bird2/train/T83.obj,bird2
flamingo/train/T310.obj,flamingo
laptop/train/T588.obj,laptop
alien/train/T311.obj,alien
alien/train/T220.obj,alien
centaur/train/T526.obj,centaur
snake/train/T120.obj,snake
rabbit/train/T246.obj,rabbit
centaur/train/T377.obj,centaur
myScissor/train/T233.obj,myScissor
flamingo/train/T58.obj,flamingo
dog2/train/T468.obj,dog2
gorilla/train/T355.obj,gorilla
bird2/train/T130.obj,bird2
snake/train/T251.obj,snake
bird1/train/T408.obj,bird1
dinosaur/train/T298.obj,dinosaur
dog1/train/T462.obj,dog1
flamingo/train/T212.obj,flamingo
woman/train/T592.obj,woman
two_balls/train/T164.obj,two_balls
cat/train/T449.obj,cat
man/train/T278.obj,man
santa/train/T591.obj,santa
bird2/train/T520.obj,bird2
ants/train/T200.obj,ants
glasses/train/T371.obj,glasses
gorilla/train/T452.obj,gorilla
woman/train/T332.obj,woman
bird1/train/T46.obj,bird1
woman/train/T238.obj,woman
bird1/train/T352.obj,bird1
lamp/train/T183.obj,lamp
hand/train/T593.obj,hand
flamingo/train/T335.obj,flamingo
two_balls/train/T27.obj,two_balls
armadillo/train/T279.obj,armadillo
dog1/train/T193.obj,dog1
gorilla/train/T432.obj,gorilla
gorilla/train/T13.obj,gorilla
shark/train/T323.obj,shark
gorilla/train/T297.obj,gorilla
bird2/train/T101.obj,bird2
dog1/train/T331.obj,dog1
glasses/train/T208.obj,glasses
man/train/T59.obj,man
dog2/train/T337.obj,dog2
myScissor/train/T407.obj,myScissor
pliers/train/T11.obj,pliers
two_balls/train/T472.obj,two_balls
horse/train/T579.obj,horse
armadillo/train/T341.obj,armadillo
centaur/train/T514.obj,centaur
hand/train/T312.obj,hand
dino_ske/train/T544.obj,dino_ske
spiders/train/T491.obj,spiders
santa/train/T126.obj,santa
hand/train/T317.obj,hand
ants/train/T192.obj,ants
woman/train/T89.obj,woman
dinosaur/train/T255.obj,dinosaur
laptop/train/T292.obj,laptop
armadillo/train/T522.obj,armadillo
shark/train/T289.obj,shark
dino_ske/train/T195.obj,dino_ske
pliers/train/T553.obj,pliers
woman/train/T294.obj,woman
laptop/train/T204.obj,laptop
two_balls/train/T569.obj,two_balls
santa/train/T146.obj,santa
dog1/train/T373.obj,dog1
man/train/T78.obj,man
man/train/T342.obj,man
snake/train/T75.obj,snake
myScissor/train/T378.obj,myScissor
camel/train/T420.obj,camel
two_balls/train/T548.obj,two_balls
pliers/train/T339.obj,pliers
gorilla/train/T26.obj,gorilla
santa/train/T232.obj,santa
alien/train/T422.obj,alien
dog2/train/T445.obj,dog2
hand/train/T221.obj,hand
woman/train/T521.obj,woman
cat/train/T277.obj,cat
glasses/train/T369.obj,glasses
hand/train/T77.obj,hand
bird1/train/T288.obj,bird1
centaur/train/T6.obj,centaur
armadillo/train/T539.obj,armadillo
bird1/train/T157.obj,bird1
laptop/train/T564.obj,laptop
glasses/train/T225.obj,glasses
spiders/train/T523.obj,spiders
hand/train/T391.obj,hand
shark/train/T188.obj,shark
gorilla/train/T474.obj,gorilla
camel/train/T306.obj,camel
myScissor/train/T211.obj,myScissor
octopus/train/T112.obj,octopus
alien/train/T5.obj,alien
armadillo/train/T489.obj,armadillo
woman/train/T36.obj,woman
centaur/train/T276.obj,centaur
flamingo/train/T416.obj,flamingo
hand/train/T508.obj,hand
flamingo/train/T450.obj,flamingo
dog2/train/T507.obj,dog2
spiders/train/T513.obj,spiders
rabbit/train/T594.obj,rabbit
bird1/train/T60.obj,bird1
flamingo/train/T3.obj,flamingo
laptop/train/T293.obj,laptop
pliers/train/T447.obj,pliers
dog1/train/T144.obj,dog1
octopus/train/T302.obj,octopus
horse/train/T348.obj,horse
horse/train/T184.obj,horse
dog1/train/T367.obj,dog1
pliers/train/T374.obj,pliers
myScissor/train/T139.obj,myScissor
man/train/T379.obj,man
cat/train/T287.obj,cat
camel/train/T398.obj,camel
dog1/train/T99.obj,dog1
glasses/train/T412.obj,glasses
centaur/train/T405.obj,centaur
man/train/T437.obj,man
laptop/train/T429.obj,laptop
rabbit/train/T186.obj,rabbit
ants/train/T528.obj,ants
shark/train/T351.obj,shark
octopus/train/T67.obj,octopus
dino_ske/train/T128.obj,dino_ske
shark/train/T443.obj,shark
rabbit/train/T176.obj,rabbit
alien/train/T573.obj,alien
man/train/T376.obj,man
camel/train/T481.obj,camel
spiders/train/T264.obj,spiders
lamp/train/T122.obj,lamp
horse/train/T304.obj,horse
pliers/train/T230.obj,pliers
hand/train/T154.obj,hand
cat/train/T94.obj,cat
flamingo/train/T248.obj,flamingo
pliers/train/T525.obj,pliers
armadillo/train/T54.obj,armadillo
camel/train/T92.obj,camel
flamingo/train/T72.obj,flamingo
lamp/train/T16.obj,lamp
two_balls/train/T425.obj,two_balls
cat/train/T259.obj,cat
glasses/train/T524.obj,glasses
lamp/train/T324.obj,lamp
bird2/train/T546.obj,bird2
